Expérimentateur;Bande de fréquences;Fréquences attribuées (limite basse);Fréquences attribuées (limite haute);Numéro de la décision d'autorisation de l'Arcep;Lien de la décision d'autorisation de l'Arcep;Latitude;Longitude;Code INSEE;Commune;Département;Région;Début;Fin;Description;Techno - Massive MIMO;Techno - Beamforming/beamtracking;Techno - Duplexage temporel (mode TDD);Techno - Mode de fonctionnement NSA (Non Stand Alone);Techno - Mode de fonctionnement SA (Stand Alone);Techno - Synchronisation de réseaux;Techno - Network slicing;Techno - Small cells;Techno - Accès dynamique au spectre;Techno - 5G, 6G…;Usage - Mobilité connectée;Usage - Internet des objets;Usage - Ville intelligente;Usage - Réalité virtuelle;Usage - Télémédecine;Usage - Industrie du futur;Usage - Autre
SNCF Réseau;2,6 GHz TDD;2575;2595;2022-1004;https://www.arcep.fr/uploads/tx_gsavis/22-1004.pdf;47,2919444444444;-1,48444444444444;44026;Carquefou;Loire-Atlantique;Pays de la Loire;2022-05-12;2025-12-31;La SNCF explore avec son partenaire Stellantis les possibilités offertes par la Mobilité Autonome dans le cadre d'une des expérimentations du projet collaboratif SAM (Sécurité et Acceptabilité de la Mobilité autonome), financé par l'ADEME ( (Agence de l'Environnement et de la Maîtrise de l'Energie). Une plateforme d'innovation ouverte a ainsi été conçue à Carquefou sur une ancienne voie ferrée reconvertie pour y tester les briques technologiques et servicielles de futurs systèmes de transport public autonome.;1;0;1;1;0;0;0;0;0;0;1;0;0;0;0;0;0
Airbus Operations SAS;3,8 GHz;3900;4000;2022-2388;https://www.arcep.fr/uploads/tx_gsavis/22-2388.pdf;47,312245;-2,169842;44184;Saint-Nazaire;Loire-Atlantique;Pays de la Loire;2023-01-01;2025-12-31;Expérimentation de Airbus dans le cadre de sa transformation digitale, visant à développer son offre de connectivité sans fil dans le but d’assurer une continuité de service pour ses moyens de production en milieu industriel dit complexe (Hangar avec environment métallique dense).;1;0;1;1;1;0;0;1;0;0;1;1;0;0;0;1;0
GTS FRANCE SAS;3,8 GHz;3900;4000;2023-0917;https://www.arcep.fr/uploads/tx_gsavis/23-0917.pdf;48,785;2,20827;78640;Vélizy-Villacoublay;Yvelines;Île-de-France;2023-03-30;2026-03-29;Expérimentation dans le cadre de nouveaux cas d'usage;0;0;1;0;1;1;1;1;0;0;1;0;0;0;0;0;0
IHU Strasbourg;3,8 GHz;3900;4000;2022-2048;https://www.arcep.fr/uploads/tx_gsavis/22-2048.pdf;48,5759425;7,7430558;67482;Strasbourg;Bas-Rhin;Grand Est;2023-02-01;2026-01-31;Expérimentation, dans le cadre du projet 5G-OR (Operating Room), visant à créer la nouvelle génération de blocs opératoires, pour des interventions mini-invasives personnalisées et sécurisées, avec l’objectif d’améliorer le bénéfice pour les patients.;0;0;1;0;1;0;0;1;0;0;0;0;0;0;1;0;0
Capgemini;3,8 GHz;3900;4000;2022-1955;https://www.arcep.fr/uploads/tx_gsavis/22-1955.pdf;48,8287222;2,26152777;92040;Issy-les-Moulineaux;Hauts-de-Seine;Île-de-France;2022-10-17;2025-10-16;Capgemini, acteur des secteurs des technologies numériques et de l’industrie intelligente, enrichit son Lab 5G d’Issy-les-Moulineaux par de nouvelles capacités d’expérimentation dédiées aux cas d’usages de l’industrie du futur, complétant ainsi son réseau privé SA (Stand alone) par un nouveau spectre de fréquences n77.;1;0;1;0;1;0;1;0;0;0;1;0;1;1;1;1;0
B-COM;3,8 GHz;3900;4000;2023-0718;https://www.arcep.fr/uploads/tx_gsavis/23-0718.pdf;48,1357639;-1,6231722;22113;Lannion;Côtes-d'Armor;Bretagne;2023-02-01;2026-01-31;Plateforme d'expérimentation 5G, dédiée à des expérimentations techniques pour les solutions développées par B-Com et à destination des verticaux.;0;0;1;1;1;0;1;1;0;0;0;1;1;1;1;1;0
SOLVAY;2,6 GHz TDD;2575;2595;2022-2234;https://www.arcep.fr/uploads/tx_gsavis/22-2234.pdf;47,033952;5,233182;39526;Tavaux;Jura;Bourgogne-Franche-Comté;2023-01-01;2025-12-31;Expérimentation dans le cadre de nouveaux cas d'usage;0;0;1;0;0;0;0;0;0;0;0;1;0;1;0;1;0
SNCF;2,6 GHz TDD;2600;2620;2022-2235;https://www.arcep.fr/uploads/tx_gsavis/22-2235.pdf;48,061714;-1,380992;35238;Rennes;Ille-et-Vilaine;Bretagne;2022-11-21;2025-09-30;Expérimentation dans le cadre de nouveaux cas d'usage;1;1;1;1;1;0;0;1;0;0;0;1;0;1;0;1;0
Sysoco/Axians;3,8 GHz;3900;4000;2022-2391;https://www.arcep.fr/uploads/tx_gsavis/22-2391.pdf;48,1127194;-1,60555277;35037;Bréal-sous-Montfort;Ille-et-Vilaine;Bretagne;2022-12-01;2025-11-30;Expérimentation dans le cadre de nouveaux cas d'usage;0;0;1;1;1;0;1;1;0;0;0;0;0;1;0;1;1
ILS TECHNOLOGIES;3,8 GHz;3900;4000;2022-2535;https://www.arcep.fr/uploads/tx_gsavis/22-2535.pdf;48,785814;2,044985;78423;Montigny-le-Bretonneux;Yvelines;Île-de-France;2023-01-01;2025-12-31;Expérimentation dans le cadre de nouveaux cas d'usage;1;0;1;1;1;0;0;0;0;0;0;0;0;0;0;0;0
ISIS Logiciels et Systèmes;2,6 GHz TDD;2575;2615;2022-2679;https://www.arcep.fr/uploads/tx_gsavis/22-2679.pdf;48,470902;2,0243;78423;Montigny-le-Bretonneux;Yvelines;Île-de-France;2023-01-01;2025-12-31;Expérimentation dans le cadre de nouveaux cas d'usage;1;0;0;1;1;0;0;0;0;0;0;0;0;0;0;0;1
Airbus Operations SAS;3,8 GHz;3900;4000;2023-0126;https://www.arcep.fr/uploads/tx_gsavis/23-0126.pdf;43,618619;1,362169;31149;Colomiers;Haute-Garonne;Occitanie;2023-03-02;2026-03-01;Expérimentation dans le cadre de la transformation digitale de la société Airbus afin d'offrir une connectivité sans fil dans le but d'assurer une continuité de service pour des moyens de production en milieu industriel.;1;0;1;1;1;0;0;1;0;0;1;1;0;1;0;1;0
Acome;3,8 GHz;3900;4000;2022-2532;https://www.arcep.fr/uploads/tx_gsavis/22-2532.pdf;48,635018;-0,955043;50436;Romagny Fontenay;Manche;Normandie;2023-01-01;2025-12-31;Expérimentation qui s'inscrit dans le projet Lab PCN 5G pour mettre en œuvre un réseau mobile privé . Evolutif, robuste et sécurisé, ce réseau tend vers une souveraineté technologique française. Il sera innovant et vise à minimiser l’impact carbone. La plateforme se veut un laboratoire d’usages 5G pour l’industrie.;0;0;1;0;1;0;0;0;0;0;1;0;0;0;0;1;0
Acome;2,6 GHz TDD;2575;2615;2022-2680;https://www.arcep.fr/uploads/tx_gsavis/22-2680.pdf;48,381431;-0,572283;50436;Romagny Fontenay;Manche;Normandie;2023-01-01;2025-12-31;Expérimentation qui s'inscrit dans le projet Lab PCN 5G pour mettre en œuvre un réseau mobile privé. Evolutif, robuste et sécurisé, ce réseau tend vers une souveraineté technologique française. Il sera innovant et vise à minimiser l’impact carbone. La plateforme se veut un laboratoire d’usages 5G pour l’industrie.;0;0;1;0;1;0;0;0;0;0;1;1;0;0;0;1;1
Hectar;3,8 GHz;3900;4000;2023-0740;https://www.arcep.fr/uploads/tx_gsavis/23-0740.pdf;48,7284974;1,9286383;78334;Lévis-Saint-Nom;Yvelines;Île-de-France;2023-02-01;2026-01-31;Expérimentation pour promouvoir une agriculture connectée dans le cadre de programmes d'éducation et d'entrepreneuriat. Le déploiement de ce réseau privé 5G vise à démontrer comment l'amélioration de la connectivité, de la bande passante, de la latence et le contrôle sur les informations du réseau sera bénéfique pour le développement d’une agriculture plus durable, résiliente et productive.;0;0;1;0;1;0;1;1;0;0;0;1;0;0;0;0;1
Hectar;2,6 GHz TDD;2575;2615;2023-0716;https://www.arcep.fr/uploads/tx_gsavis/23-0716.pdf;48,7283333333333;1,92861111111111;78334;Lévis-Saint-Nom;Yvelines;Île-de-France;2023-05-01;2026-04-30;Expérimentation pour promouvoir une agriculture connectée dans le cadre de programmes d'éducation et d'entrepreneuriat. Le déploiement de ce réseau privé 5G vise à démontrer comment l'amélioration de la connectivité, de la bande passante, de la latence et le contrôle sur les informations du réseau sera bénéfique pour le développement d’une agriculture plus durable, résiliente et productive.;0;0;1;0;1;0;0;1;0;0;0;0;0;0;0;0;1
Orange;3,8 GHz;3800;3880;2023-0918;https://www.arcep.fr/uploads/tx_gsavis/23-0918.pdf;43,6236111111111;1,48777777777778;31044;Balma;Haute-Garonne;Occitanie;2023-05-24;2026-05-23;Expérimentation dans le cadre de nouveaux cas d'usage;1;0;1;0;1;0;0;1;0;0;1;0;1;1;0;0;0
Orange;3,8 GHz;3800;3900;2023-0919;https://www.arcep.fr/uploads/tx_gsavis/23-0919.pdf;45,7796714;4,75074;69044;Charbonnières-les-Bains;Rhône;Auvergne-Rhône-Alpes;2023-04-20;2026-04-19;Expérimentation dans le cadre de nouveaux cas d'usage;1;0;1;0;1;0;1;1;0;0;0;0;1;0;0;1;0
Safran;3,8 GHz;3900;4000;2023-0125;https://www.arcep.fr/uploads/tx_gsavis/23-0125.pdf;48,3413889;-1,18;35115;Fougères;Ille-et-Vilaine;Bretagne;2023-03-30;2026-03-29;Expérimentation dans le cadre de nouveaux cas d'usage;0;0;1;0;1;0;0;1;0;0;0;1;0;1;0;1;1
Université Paul-Sabatier;3,8 GHz;3800;3880;2023-0741;https://www.arcep.fr/uploads/tx_gsavis/23-0741.pdf;43,5634781;1,46551944;31062;Bellesserre;Haute-Garonne;Occitanie;2023-04-04;2026-04-03;"Plateforme d'expérimentation autOCampus pour expérimenter les véhicules et connectés ""in vivo"". Les usagers sont les chercheurs des laboratoires, les formateurs et des industriels.";0;0;1;0;1;0;1;0;0;0;1;1;1;0;0;0;0
Numerisat;3,8 GHz;3900;4000;2023-0719;https://www.arcep.fr/uploads/tx_gsavis/23-0719.pdf;45,64523;5,871415;73051;Le Bourget-du-Lac;Savoie;Auvergne-Rhône-Alpes;2023-03-30;2026-03-29;Expérimentation pour tester et développer des cas d’usage 5G privés pour la sécurité en montagne.;1;0;1;0;1;0;1;1;0;0;0;0;0;0;0;0;0
EDF;3,8 GHz;3900;4000;2023-1220;https://www.arcep.fr/uploads/tx_gsavis/23-1220.pdf;48,8972222222222;2,17;78146;Chatou;Yvelines;Île-de-France;2023-05-01;2026-04-30;En portant de nouveaux cas d’usage et en s’appuyant sur différentes fonctions techniques issues de l’écosystème 5G, la plateforme d’expérimentation d’EDF Lab Chatou vise à définir les modalités de migration des réseaux industriels cellulaires privés d’EDF vers la technologie 5G.;0;0;1;0;1;1;1;1;0;0;0;0;0;1;0;1;0
Athonet;3,8 GHz;3900;4000;2023-0127;https://www.arcep.fr/uploads/tx_gsavis/23-0127.pdf;48,8427139;2,31978527;75056;Paris;Paris;Île-de-France;2023-03-02;2026-03-01;Démonstrateur pour les solutions de connectivité 5G SA (Stand alone) développées par Athonet.;0;0;1;0;1;0;1;1;0;0;1;0;0;1;0;1;0
Athonet;2,6 GHz TDD;2575;2585;2023-0122;https://www.arcep.fr/uploads/tx_gsavis/23-0122.pdf;48,503878;2,191201;75056;Paris;Paris;Île-de-France;2023-01-17;2025-12-31;Démonstrateur pour les solutions de connectivité 5G SA (Stand alone) développées par Athonet.;0;0;1;1;1;0;1;1;0;0;0;1;0;1;0;1;1
Vedecom;2,6 GHz TDD;2575;2595;2023-0123;https://www.arcep.fr/uploads/tx_gsavis/23-0123.pdf;48,471003;2,053509;78646;Versailles;Yvelines;Île-de-France;2023-01-17;2025-12-31;Expérimentation dans le cadre de nouveaux cas d'usage;0;0;1;1;0;0;0;0;0;0;1;0;0;0;0;0;1
B-COM;3,8 GHz;3900;4000;2023-0742;https://www.arcep.fr/uploads/tx_gsavis/23-0742.pdf;48,1210356;-1,6954197;35238;Rennes;Ille-et-Vilaine;Bretagne;2023-04-04;2025-12-31;L’objectif du projet « Engage 5G and beyond » est de construire et d’opérer un réseau de plateformes ouvertes, nationales et souveraines, offrant des services portés par la 5G pour l’expérimentation de cas d’usages orientés santé, énergie et industrie 4.0. Une offre de service permettra à des utilisateurs verticaux tiers (PMEs, start-up, laboratoires) de lancer leurs propres expérimentations appuyées sur la technologie 5G sur ces plateformes.Cette expérimentation se focalise sur le cas d’utilisation orienté santé.;0;0;1;0;1;0;0;1;0;0;0;0;0;0;1;0;0
Unitel Technologies;3,8 GHz;3900;4000;2023-0743;https://www.arcep.fr/uploads/tx_gsavis/23-0743.pdf;43,4973889;5,34205555;13001;Aix-en-Provence;Bouches-du-Rhône;Provence-Alpes-Côte d'Azur;2023-04-04;2026-04-03;Expérimentation dans le cadre de nouveaux cas d'usage;1;1;1;0;1;1;1;0;0;0;0;1;1;0;0;1;0
Qualcomm;3,8 GHz;3900;4000;2023-1441;https://www.arcep.fr/uploads/tx_gsavis/23-1441.pdf;48,7605555555556;-3,46722222222222;22113;Lannion;Côtes-d'Armor;Bretagne;2023-07-01;2026-06-27;Expérimentation portant sur la connectivité 5G et fiabilité améliorée avec plusieurs cellules pour les cas d’utilisation verticaux de l’IoT industriel, optimisations RAN (Radio access network), y compris le contrôleur intelligent RAN et la planification intelligente.;0;0;1;0;1;0;0;1;0;0;0;1;0;0;0;1;0
Conservatoire National des Arts et Métiers;3,8 GHz;3900;4000;2023-1193;https://www.arcep.fr/uploads/tx_gsavis/23-1193.pdf;48,8666666666667;2,35666666666667;75056;Paris;Paris;Île-de-France;2023-05-25;2026-05-24;Expérimentation dans le cadre de nouveaux cas d'usage;1;0;1;0;1;0;1;1;0;0;0;0;0;0;0;0;0
Nokia Networks France;3,8 GHz;3900;4000;2023-1525;https://www.arcep.fr/uploads/tx_gsavis/23-1525.pdf;48,7583333333333;-3,45611111111111;22113;Lannion;Côtes-d'Armor;Bretagne;2023-09-01;2026-08-30;Expérimentation dans le cadre de nouveaux cas d'usage;0;0;1;0;1;0;1;0;0;0;0;0;0;0;0;0;0
ArcelorMittal France;3,8 GHz;3900;4000;2023-1442;https://www.arcep.fr/uploads/tx_gsavis/23-1442.pdf;49,322500000000005;6,093611111111111;57221;Florange;Moselle;Grand Est;2023-07-01;2026-06-30;Plateforme partagée et dédiée à l'expérimentation multi-sites et multi-applications reposant sur des technologies 4G/5G dans le monde industriel sidérurgique.;1;0;1;0;1;0;0;0;0;0;1;0;0;1;0;1;0
SNCF;3,8 GHz;3900;4000;2023-1400;https://www.arcep.fr/uploads/tx_gsavis/23-1400.pdf;48,8219444444444;2,36861111111111;75056;Paris;Paris;Île-de-France;2023-06-27;2026-06-26;Expérimentation dans le cadre de nouveaux cas d'usage;1;1;1;0;1;0;0;1;0;0;0;0;0;0;0;0;1
Alsatis;3,8 GHz;3900;4000;2023-1573;https://www.arcep.fr/uploads/tx_gsavis/23-1573.pdf;43,5927777777778;1,435;31555;Toulouse;Haute-Garonne;Occitanie;2023-08-01;2026-07-31;Expérimentation dans le cadre du projet Hi5. Le projet Hi5 consiste en la mise en place d'une infrastruture de connectivité mobile s'appuyant sur la technologie 5G, mutualisée, multi-services, dédiée pour la métropole de Toulouse, et destinée à porter des cas d'usage autour de 5 axes : événementiel - culture - transport (nouvelles mobilités) - connectivité des sites (infrastructures publiques) - éducation.;0;0;1;0;0;0;1;1;0;0;1;0;1;1;0;0;0
Alsatis;3,8 GHz;3800;3900;2023-1874;https://www.arcep.fr/uploads/tx_gsavis/23-1874.pdf;43,6094444444444;1,39944444444444;31555;Toulouse;Haute-Garonne;Occitanie;2023-10-01;2026-09-30;"Expérimentation dans le cadre du projet 5G Vertical ISS. Ce projet vise le développement et la validation en environnement client d'un cœur de réseau 5G ""hybride"" et vise à expérimenter en environnement hospitalier de nouveaux cas d'usage liés au maintien des services de téléphonie en situation de crise et à l'aide à la protection/localisation du personnel technique (Protection Travailleur Isolé). L'expérimentation doit aussi permettre de valider la pertinence d'une solution de mobilité entre le réseau privé déployé et le réseau MVNO porté par une infrastructure opérateur de réseau ouvert au public.";0;0;1;0;1;0;0;1;0;0;1;0;0;0;0;0;1
Hub One;3,8 GHz;3900;4000;2023-2294;https://www.arcep.fr/uploads/tx_gsavis/23-2294.pdf;49,0094444444444;2,55916666666667;93073;Tremblay-en-France;Seine-Saint-Denis;Île-de-France;2023-10-17;2026-10-16;Expérimentation sur les fonctionnalités différenciantes de la technologie 5G (latence, gestion de la QoS, souplesse des trames de synchro) afin de répondre aux besoins grandissant d'entreprises industrielles pouvant être regroupées au sein d'un campus.;0;0;1;0;1;0;1;1;0;0;1;1;0;1;0;1;0
Alsatis;2,6 GHz TDD;2595;2615;2023-1744;https://www.arcep.fr/uploads/tx_gsavis/23-1744.pdf;43,6386111111111;1,555;31555;Toulouse;Haute-Garonne;Occitanie;2023-08-01;2026-07-31;Expérimentation dans le cadre du projet Hi5. Le projet Hi5 consiste en la mise en place d'une infrastruture de connectivité mobile s'appuyant sur la technologie 5G, mutualisée, multi-services, dédiée pour la métropole de Toulouse, et destinée à porter des cas d'usage autour de 5 axes : événementiel - culture - transport (nouvelles mobilités) - connectivité des sites (infrastructures publiques) - éducation.;0;0;0;0;1;0;1;1;0;0;1;0;1;1;0;0;1
Stanley Robotics;3,8 GHz;3900;4000;2023-1875;https://www.arcep.fr/uploads/tx_gsavis/23-1875.pdf;45,7230555555556;5,06944444444444;69299;Colombier-Saugnieu;Rhône;Auvergne-Rhône-Alpes;2023-10-02;2026-10-01;Expérimentation d'une solution de réseau 5G privé pour connecter des robots autonomes offrant un service de voiturier (sans laisser ses clés). En charge du stockage des véhicules, les robots optimisent l'usage de l'infrastructure.;0;0;1;0;0;0;0;1;0;0;1;0;0;0;0;0;0
B-COM;3,8 GHz;3900;4000;2023-1807;https://www.arcep.fr/uploads/tx_gsavis/23-1807.pdf;47,9858333333333;-1,74333333333333;35047;Bruz;Ille-et-Vilaine;Bretagne;2023-09-01;2025-12-31;Plateforme d'expérimentation 5G SA (Stand Alone) dans le cadre des travaux de la DGA-MI (Direction générale de l'armement - Maîtrise de l'information) liés aux systèmes de communication 5G souverains.;0;0;1;0;0;0;0;1;0;0;0;0;0;0;0;0;1
Alsatis;3,8 GHz;3900;4000;2023-1957;https://www.arcep.fr/uploads/tx_gsavis/23-1957.pdf;46,0747222222222;6,57027777777778;74081;Cluses;Haute-Savoie;Auvergne-Rhône-Alpes;2023-09-07;2026-09-06;Expérimentation pour soutenir, avancer, aider et sécuriser le déploiement de la 5G industrielle dans les ateliers de production manufacturiers. Cette expérimentation est l'un des principaux objectifs du Fablab 5G industrielle de Cluses, lauréat de l’AMI Campus Fablab 5G industrielle lancé par l’Etat.;0;0;1;0;1;0;0;1;0;0;0;0;0;1;0;1;0
Alsatis;3,8 GHz;3900;4000;2023-2108;https://www.arcep.fr/uploads/tx_gsavis/23-2108.pdf;47,4563888888889;-0,537777777777778;49007;Angers;Maine-et-Loire;Pays de la Loire;2023-09-28;2025-12-31;Expérimentation menée dans le cadre du projet 5Green Mobilité qui a pour objectif d’activer différentes stratégies de régulation de la circulation en zone urbaine grâce à l’analyse de la qualité de l’air et du trafic, mais aussi de sensibiliser les populations urbaines aux comportements pro-environnementaux. L’ensemble des données sont collectées grâce à l’infrastructure 5G privée déployée.;0;0;0;0;1;0;0;1;0;0;0;0;1;0;0;0;0
EDF;3,8 GHz;3880;3980;2023-1958;https://www.arcep.fr/uploads/tx_gsavis/23-1958.pdf;48,8972222222222;2,17;78146;Chatou;Yvelines;Île-de-France;2023-09-15;2026-09-14;Plateforme d’expérimentation d’EDF Lab Chatou qui vise à définir les modalités de migration des réseaux industriels cellulaires privés d’EDF vers la technologie 5G.;1;0;1;0;1;1;1;1;0;0;0;0;0;1;0;0;1
EDF;2,6 GHz TDD;2575;2615;2024-1870;https://www.arcep.fr/uploads/tx_gsavis/24-1870.pdf;48,89722222222222;2,17;78146;Chatou;Yvelines;Île-de-France;2024-09-16;2027-09-15;En portant de nouveaux cas d’usage et en s’appuyant sur différentes fonctions techniques issues de l’écosystème 5G, la plateforme d’expérimentation d’EDF Lab Chatou vise à définir les modalités de migration vers la 5G des réseaux industriels cellulaires privés d’EDF,;1;1;1;0;1;1;1;1;1;1;0;0;0;1;0;1;1
Fives Xcella;3,8 GHz;3900;4000;2023-2295;https://www.arcep.fr/uploads/tx_gsavis/23-2295.pdf;47,7236111111111;-3,38833333333333;56107;Larmor-Plage;Morbihan;Bretagne;2023-10-17;2026-10-16;Expérimentation dans le cadre de nouveaux cas d'usage;1;0;0;0;1;1;0;1;0;0;0;1;1;0;0;0;0
Airmob Infra Full;3,8 GHz;3800;3900;2023-2546;https://www.arcep.fr/uploads/tx_gsavis/23-2546.pdf;49,4769444444444;1,09138888888889;76451;Mont-Saint-Aignan;Seine-Maritime;Normandie;2023-11-14;2026-11-13;Expérimentation dans le cadre de nouveaux cas d'usage;0;0;0;0;1;0;1;1;0;0;1;0;0;0;0;0;0
Airmob Infra Full;3,8 GHz;3800;3900;2023-2547;https://www.arcep.fr/uploads/tx_gsavis/23-2547.pdf;49,2597222222222;1,18694444444444;27701;Val-de-Reuil;Eure;Normandie;2023-11-14;2026-11-13;Expérimentation dans le cadre de nouveaux cas d'usage;0;0;0;0;1;0;1;1;0;0;1;0;0;0;0;0;0
Airmob Infra Full;3,8 GHz;3800;3900;2023-2548;https://www.arcep.fr/uploads/tx_gsavis/23-2548.pdf;43,6027777777778;1,45416666666667;31555;Toulouse;Haute-Garonne;Occitanie;2023-12-01;2026-11-30;Expérimentation dans le cadre de nouveaux cas d'usage;0;0;0;0;1;0;1;0;0;0;1;0;0;0;0;0;0
Airmob Infra Full;3,8 GHz;3800;3900;2023-2474;https://www.arcep.fr/uploads/tx_gsavis/23-2474.pdf;48,8930555555556;2,24083333333333;92026;Courbevoie;Hauts-de-Seine;Île-de-France;2023-12-01;2026-11-30;Expérimentation dans le cadre de nouveaux cas d'usage;0;0;0;0;1;0;1;1;0;0;1;0;0;0;0;0;0
Celeste;3,8 GHz;3900;4000;2023-2549;https://www.arcep.fr/uploads/tx_gsavis/23-2549.pdf;48,8348611111111;2,58816666666667;77083;Champs-sur-Marne;Seine-et-Marne;Île-de-France;2023-12-15;2026-12-14;Plateforme expérimentale d'une solution 5G pour la captation vidéo mult-caméras;0;0;0;0;1;0;0;0;0;1;0;0;0;0;0;0;0
Celeste;3,8 GHz;3900;4000;2023-2721;https://www.arcep.fr/uploads/tx_gsavis/23-2721.pdf;46,13775;6,11705555555556;74016;Archamps;Haute-Savoie;Auvergne-Rhône-Alpes;2023-12-18;2026-12-17;Plateforme expérimentale d'une solution 5G pour la captation vidéo mult-caméras;0;0;0;0;1;0;0;0;0;1;0;0;0;0;0;0;0
Celeste;3,8 GHz;3900;4000;2023-2723;https://www.arcep.fr/uploads/tx_gsavis/23-2723.pdf;43,9193111111111;2,18252777777778;81004;Albi;Tarn;Occitanie;2023-12-18;2026-12-17;Plateforme expérimentale d'une solution 5G pour la captation vidéo mult-caméras;0;0;0;0;1;0;0;0;0;1;0;0;0;0;0;0;0
Paris la Défense;2,6 GHz TDD;2595;2615;2023-2720;https://www.arcep.fr/uploads/tx_gsavis/23-2720.pdf;48,891325;2,23835277777778;92026;Courbevoie;Hauts-de-Seine;Île-de-France;2023-05-30;2025-09-30;Bande d'acroche pour mener des expérimentations d'usage 5G dans la bande 26 GHz;0;0;1;0;1;0;0;1;0;0;0;0;0;0;0;0;0
Axione;3,8 GHz;3900;4000;2023-2812;https://www.arcep.fr/uploads/tx_gsavis/23-2812.pdf;48,8153333333333;2,30425;92046;Malakoff;Hauts-de-Seine;Île-de-France;2024-01-01;2025-12-31;La plateforme 5G SA permet d’intégrer les éléments (terminaux, RAN 5G SA et CORE 5G) d’un réseau mobile privé dans le lab d’Axione à Malakoff et de valider les performances du réseau pour les différents cas d’usage (Streaming video UL, VoIP, …);0;0;0;0;1;0;0;1;0;0;0;0;0;0;0;1;1
Thales;3,8 GHz;3900;4000;2023-2815;https://www.arcep.fr/uploads/tx_gsavis/23-2815.pdf;47,0664722222222;-0,857555555555556;49099;Cholet;Maine-et-Loire;Pays de la Loire;2024-01-01;2026-12-31;Thales continue l’expérimentation de la 5G sur son site industriel de Cholet pour tester dans des conditions réelles et sur l’ensemble du site de Cholet l’usage d’un réseau très haut débit permettant d’améliorer la performance industrielle ainsi que d’explorer les usages de l’industrie du futur.;0;0;1;0;1;0;1;0;0;0;0;0;0;0;0;1;0
GTS FRANCE SAS;3,8 GHz;3880;3980;2024-0135;https://www.arcep.fr/uploads/tx_gsavis/24-0135.pdf;48,785;2,20805555555556;78640;Vélizy-Villacoublay;Yvelines;Île-de-France;2022-09-01;2025-08-31;Expérimentation dans le cadre nouveaux cas d'usage;0;0;1;0;1;1;1;1;0;0;1;0;0;0;0;0;0
IMT Nord Europe;3,8 GHz;3900;4000;2024-0136;https://www.arcep.fr/uploads/tx_gsavis/24-0136.pdf;50,6108333333333;3,13466666666667;59009;Villeneuve-d'Ascq;Nord;Hauts-de-France;2024-01-01;2025-12-31;IMT Nord Europe développe des communications de type véhicule à véhicule ou à infrastructure. Le but de cette expérimentation est de tester des solutions d’échange d’informations en temps réel afin de mieux percevoir l’environnement et d’améliorer la sécurité sur un réseau 5G-NR privé en bande n°77.;0;0;0;1;1;0;0;0;0;1;1;0;0;0;0;0;0
Nokia Networks France;3,8 GHz;3900;4000;2024-0341;https://www.arcep.fr/uploads/tx_gsavis/24-0341.pdf;48,7196944444444;2,26644444444444;91377;Massy;Essonne;Île-de-France;2024-04-01;2026-12-01;Nos expériences visent à évaluer les avantages de la 5G dans le contexte de l'Industrie 4.0, en se concentrant sur l'amélioration des performances, des mesures de sécurité renforcées, une utilisation optimisée de l'énergie et uneamélioration globale de la qualité de l'expérience des opérateurs d'usine. Les applications potentielles de nos services s'étendent à divers cas d'utilisation, notamment la logistique et la livraison en usine, ainsi que la surveillance d'environnements industriels difficiles d'accès ou présentant des dangers pour les opérateurs.;0;0;0;0;1;0;1;1;0;0;0;1;0;0;0;0;1
ArcelorMittal France;3,8 GHz;3900;4000;2024-0342;https://www.arcep.fr/uploads/tx_gsavis/24-0342.pdf;51,03975;2,28252777777778;59183;Dunkerque;Nord;Hauts-de-France;2024-03-14;2027-03-13;L’objectif du projet est de valider l’usage industriel de la 5G en environnement industriel sévère au travers de cas d’usages ciblés sur les différents métiers et lever les incertitudes et les risques (robustesse, sécurité): • réaliser une expérimentation technique pour appréhender la technologie 5G et ses contraintes de déploiement dans un environnement industriel difficile et de vérifier la robustesse de la solution dans un contexte d’applications hautement critiques. / • mener des expérimentations d’usine intelligente pour répondre aux enjeux de performance industrielle en environnement de production tant en Région Hauts de France (Dunkerque, Mardyck, Desvres) qu’en Région Grand Est (Florange).;0;0;0;0;1;0;0;0;0;0;0;1;0;1;0;1;1
SNCF;3,8 GHz;3900;4000;2024-0137;https://www.arcep.fr/uploads/tx_gsavis/24-0137.pdf;48,6192222222222;7,74827777777778;67043;Bischheim;Bas-Rhin;Grand Est;2024-01-31;2027-01-30;Mise en place d’une expérimentation de réseau privé mobile 5G dans un technicentre industriel SNCF pour des cas d’usages de pilotage en temps réel et géolocalisations de machines et automatisation de transports logistiques via des AGV (Automatic Guided Vehicle) et AMR (Autonomous Mobile Robots). Le but de l’expérimentation est de mettre en évidence des cas d’usages apportant des gains de productivité au site.;0;0;0;0;1;0;0;0;0;1;1;1;0;0;0;0;1
SNCF;2,6 GHz TDD;2595;2615;2024-0138;https://www.arcep.fr/uploads/tx_gsavis/24-0138.pdf;48,6193416666667;7,74923055555556;67043;Bischheim;Bas-Rhin;Grand Est;2024-01-31;2027-01-30;Mise en place d’une expérimentation de réseau privé mobile 5G dans un technicentre industriel SNCF pour des cas d’usages de pilotage en temps réel et géolocalisations de machines et automatisation de transports logistiques via des AGV (Automatic Guided Vehicle) et AMR (Autonomous Mobile Robots). Le but de l’expérimentation est de mettre en évidence des cas d’usages apportant des gains de productivité au site.;0;0;0;0;1;0;0;0;0;1;1;1;0;0;0;0;1
AIRBUS Defence & Space;26 GHz;26500;27300;2024-0345;https://www.arcep.fr/uploads/tx_gsavis/24-0345.pdf;48,7983333333333;1,97;78208;Élancourt;Yvelines;Île-de-France;2024-04-01;2026-12-31;Dans le cadre de ses activités de Recherche & Développement sur la 5G, Airbus Defence and Space (ADS) teste une solution de communication longue portée permettant le déploiement rapide d’un réseau de communication critique (Forces de l’Ordre, Secours, Sécurité Civile, …).;1;0;0;0;1;0;1;0;0;0;0;0;0;0;0;0;1
B-COM;3,8 GHz;3900;4000;2024-0618;https://www.arcep.fr/uploads/tx_gsavis/24-0618.pdf;48,1357639;-1,6231722;22113;Lannion;Côtes-d'Armor;Bretagne;2023-03-30;2026-03-29;Plateforme d'expérimentation 5G, dédiée à des expérimentations techniques pour les solutions développées par B-Com et à destination des verticaux.;0;0;1;1;1;0;1;1;0;0;0;1;1;1;1;1;0
Obvios;2,6 GHz TDD;2575;2595;2024-0945;https://www.arcep.fr/uploads/tx_gsavis/24-0945.pdf;48,7537222222222;-3,44725;22113;Lannion;Côtes-d'Armor;Bretagne;2024-04-22;2027-04-21;Expérimenation dans le cadre du projet « Smart Water Network » visant à développer et expérimenter une nouvelle solution de traitement des données s’appuyant sur les bénéfices de la 5G pour la gestion dynamique des réseaux d’eau. Une telle technologie permettrait ainsi une détection accrue des fuites afin de réduire le gaspillage d’eau potable, ou d’éviter une infection des sols par des eaux usées.;0;0;0;0;1;0;0;1;0;1;0;0;0;0;0;0;1
Obvios;2,6 GHz TDD;2575;2595;2024-0945;https://www.arcep.fr/uploads/tx_gsavis/24-0945.pdf;48,1359166666667;-1,62325;35051;Cesson-Sévigné;Ille-et-Vilaine;Bretagne;2024-04-22;2027-04-21;Expérimenation dans le cadre du projet « Smart Water Network » visant à développer et expérimenter une nouvelle solution de traitement des données s’appuyant sur les bénéfices de la 5G pour la gestion dynamique des réseaux d’eau. Une telle technologie permettrait ainsi une détection accrue des fuites afin de réduire le gaspillage d’eau potable, ou d’éviter une infection des sols par des eaux usées.;0;0;0;0;1;0;0;1;0;1;0;0;0;0;0;0;1
Schneider Electric;3,8 GHz;3900;4000;2024-0624;https://www.arcep.fr/uploads/tx_gsavis/24-0624.pdf;45,20388888888889;5,709722222222222;38185;Grenoble;Isère;Auvergne-Rhône-Alpes;2024-03-12;2026-03-11;Test de performances de réseau sur des cas d’usages industriels : échanges de données entre machines, pilotage à distance. Test du Hand Over.;1;0;0;0;0;0;1;1;0;1;0;1;0;0;0;0;0
IMT Nord Europe;3,8 GHz;3900;4000;2024-0783;https://www.arcep.fr/uploads/tx_gsavis/24-0783.pdf;50,386944444444445;3,0836111111111113;59178;Douai;Nord;Hauts-de-France;2024-04-22;2025-12-31;Développement de communications de type véhicule à véhicule ou à infrastructure. Le but de cette expérimentation est de tester des solutions d’échange d’informations en temps réel afin de mieux percevoir l’environnement et d’améliorer la sécurité sur un réseau 5G-NR privé en bande n°77.;0;0;0;1;1;0;1;0;0;0;1;0;0;0;0;0;0
Paris la Défense;26 GHz;26500;27300;2024-0777;https://www.arcep.fr/uploads/tx_gsavis/24-0777.pdf;48,8929416666667;2,23668333333333;92026;Courbevoie;Hauts-de-Seine;Île-de-France;2024-04-04;2026-04-03;La plateforme d’expérimentation 5G permettra à Paris La Défense et ses partenaires, d’expérimenter des usages inédits dans l’environnement urbain très dense du premier quartier d’affaires d’Europe. Ce dispositif devra permettre d’anticiper des scénarii de déploiement de la 5G, d'expérimenter des cas d’usages jugés stratégiques et de tester la faisabilité et la viabilité d’un nouveau modèle : un schéma d’opérateur neutre, installant des antennes dans les bâtiments ou mobiliers urbains et commercialisant un accès clé en main aux opérateurs qui viendraient y apporter leur réseau.;0;0;1;1;0;0;0;1;0;0;1;1;1;0;0;0;1
Team Henry Fabre;3,8 GHz;3800;3900;2024-1043;https://www.arcep.fr/uploads/tx_gsavis/24-1043.pdf;43,40383333333333;5,205277777777778;13054;Marignane;Bouches-du-Rhône;Provence-Alpes-Côte d'Azur;2024-05-02;2027-05-01;L'espérimentation permettra d'accompagner les PMI/ETI à découvrir et implémenter les opportunités de la 5G dans leur propre process, la TEAM Henri-Fabre met à disposition un réseau 5G privé au technocentre de Marignane.;0;0;0;0;1;0;0;1;0;1;0;0;0;0;0;0;0
Thales;2,6 GHz TDD;2575;2615;2024-1141;https://www.arcep.fr/uploads/tx_gsavis/24-1141.pdf;47,07780555555556;-0,8721944444444445;49099;Cholet;Maine-et-Loire;Pays de la Loire;2024-05-21;2026-12-31;L'expérimentation consiste à tester dans des conditions réelles et à grande échelle l’usage d’un réseau très haut débit permettant d’améliorer la performance industrielle ainsi que d’explorer les usages de l’industrie du futur;0;0;0;0;1;0;0;0;0;1;1;1;0;0;0;0;0
Thales;3,8 GHz;3900;4000;2024-1142;https://www.arcep.fr/uploads/tx_gsavis/24-1142.pdf;47,07669444444445;-0,8706111111111111;49099;Cholet;Maine-et-Loire;Pays de la Loire;2024-05-22;2026-12-31;L'expérimentation consiste à tester dans des conditions réelles et à grande échelle l’usage d’un réseau très haut débit permettant d’améliorer la performance industrielle ainsi que d’explorer les usages de l’industrie du futur;0;0;0;0;1;0;0;0;0;1;1;1;0;0;0;0;0
Luceor;3,8 GHz;3900;4000;2024-1157;https://www.arcep.fr/uploads/tx_gsavis/24-1157.pdf;49,47944444444445;0,1676388888888889;76351;Le Havre;Seine-Maritime;Normandie;2024-05-22;2027-05-21;L'expérimentation consiste à tester des cas d'usage liés à la manutention portuaire;0;0;1;0;1;0;1;1;0;1;1;0;0;0;0;1;0
CNES;2,6 GHz TDD;2575;2615;2024-1762;https://www.arcep.fr/uploads/tx_gsavis/24-1762.pdf;5,171291;-52,680494;97304;Kourou;Guyane;Guyane;2024-09-01;2025-08-31;Le CSG et Axians expérimentent les usages de la 5G privée dans le cadre de la transformation numérique du CNES. Axians installe et forme le CNES sur un réseau 5G privé et ses services comme les comm. critiques, la liaison téléphonie, la remontée des alarmes;0;0;0;0;0;0;1;0;0;1;0;0;0;0;0;1;0
SNCF;2,6 GHz TDD;2595;2615;2024-1158;https://www.arcep.fr/uploads/tx_gsavis/24-1158.pdf;48,105000000000004;-1,636388888888889;35238;Rennes;Ille-et-Vilaine;Bretagne;2024-05-22;2027-05-21;Expérimentation dans le cadre de nouveaux cas d'usage;1;0;1;1;1;0;0;0;0;0;0;1;0;1;0;1;0
Eurecom;2,6 GHz TDD;2575;2615;2024-1415;https://www.arcep.fr/uploads/tx_gsavis/24-1415.pdf;43,61416666666667;7,07111111111111;06018;Biot;Alpes-Maritimes;Provence-Alpes-Côte d'Azur;2024-06-20;2026-06-19;Expérimentation dans le cadre de nouveaux cas d'usage - Site d’expérimentation Européen pour les technologies cellulaires 5G/6G;0;0;0;0;1;0;1;0;0;1;1;1;1;1;0;1;0
Eurecom;3,8 GHz;3900;4000;2024-1159;https://www.arcep.fr/uploads/tx_gsavis/24-1159.pdf;43,61416666666667;7,07111111111111;06018;Biot;Alpes-Maritimes;Provence-Alpes-Côte d'Azur;2024-06-01;2026-05-31;Expérimentation dans le cadre de nouveaux cas d'usage - Site d’expérimentation Européen pour les technologies cellulaires 5G/6G;0;0;0;0;1;0;1;0;0;1;1;1;1;1;0;1;0
Firecell;3,8 GHz;3800;3900;2024-1413;https://www.arcep.fr/uploads/tx_gsavis/24-1413.pdf;43,61416666666667;7,07083333333333;06018;Biot;Alpes-Maritimes;Provence-Alpes-Côte d'Azur;2024-06-20;2027-06-19;Expérimentation dans le cadre de nouveaux cas d'usage;0;0;0;0;1;0;0;0;0;1;0;0;0;0;0;1;0
ArcelorMittal France;2,6 GHz TDD;2575;2585;2024-1229;https://www.arcep.fr/uploads/tx_gsavis/24-1229.pdf;43,43194444444444;4,89722222222222;13039;Fos-sur-Mer;Bouches-du-Rhône;Provence-Alpes-Côte d'Azur;2024-05-31;2027-05-30;Expérimentation dans le cadre de nouveaux cas d'usage;0;0;1;0;0;0;0;0;0;0;0;0;0;0;0;1;0
Excelcar;3,8 GHz;3900;4000;2024-1316;https://www.arcep.fr/uploads/tx_gsavis/24-1316.pdf;48,05916666666666;-0,7127777777777777;35066;Chartres-de-Bretagne;Ille-et-Vilaine;Bretagne;2024-06-10;2027-06-09;Le Campus GO>5GI EXCELCAR a pour objectif d’accélérer la transformation numérique de l’industrie. De nombreux cas d’usages, de l’opérateur au robot connecté, vont être développés et qualifiés sur la Plateforme en conditions industrielles réelles.;0;0;0;0;0;0;0;0;0;1;1;0;0;0;0;1;0
Obvios;3,8 GHz;3800;3900;2024-1632;https://www.arcep.fr/uploads/tx_gsavis/24-1632.pdf;48,120555555555555;-1,6247222222222222;35051;Cesson-Sévigné;Ille-et-Vilaine;Bretagne;2024-09-01;2027-08-31;Expérimentation dans le cadre de nouveaux cas d'usage;0;0;0;0;1;0;0;0;0;0;0;0;0;0;0;0;0
Airbus Atlantic;3,8 GHz;3900;4000;2024-1910;https://www.arcep.fr/uploads/tx_gsavis/24-1910.pdf;49,98444444444444;2,6777777777777776;80523;Méaulte;Somme;Hauts-de-France;2024-09-01;2025-09-01;L'objectif de cette expérimentation est de déployer un réseau 5G privatif capable de localiser les outils avec une précision inférieure à 1m, tout en permettant d'écouler le traffic sans fil critique d'Airbus Atlantic,;0;0;0;0;1;0;0;0;0;1;0;0;0;0;0;0;0
Selecom critical comms;3,8 GHz;3900;4000;2024-2014;https://www.arcep.fr/uploads/tx_gsavis/24-2014.pdf;42,62269444444445;2,443277777777778;66149;Prades;Pyrénées-Orientales;Occitanie;2024-09-09;2026-12-31;le groupe SEE CRITICAL COMMS a besoin de tester ses produits et solutions avec les objectifs suivants : Tester et qualifier les répéteurs 5G développés par le groupe ainsi que leurs antennes associées. Ces produits seront proposés aux intégrateurs et intégrés dans des réseaux destinés aux entreprises et aux collectivités. - Mettre en place un banc de tests 5G privé en N77 pour évaluer les nouvelles solutions applicatives développées par le groupe, répondant ainsi aux besoins de leurs clients, principalement pour des bulles tactiques.;1;0;0;0;1;0;0;1;0;1;0;1;0;0;0;1;0
Luceor;3,8 GHz;3900;4000;2024-2003;https://www.arcep.fr/uploads/tx_gsavis/24-2003.pdf;43,41008333333333;4,845416666666666;13039;Fos-sur-Mer;Bouches-du-Rhône;Provence-Alpes-Côte d'Azur;2024-09-06;2027-09-05;LUCEOR et son partenaire EUROFOS ambitionnent de couvrir le Port en réseau cellulaire de type 5G privée. L’enjeu est d’expérimenter le remplacement des réseaux existants jugés trop limités et trop coûteux. À la place, le personnel seraient tous dotés d’un terminal de type smartphone durci capable de recevoir et d’émettre tous types de communication, mais aussi de s’interfacer avec des solutions tierces en cloud. Et les cavaliers seraient dotés d’un système de détection et d’évitement qui réduit très considérablement le risque d’accidents dans les zones d’activité du port.;0;0;0;0;1;0;0;0;0;1;0;0;0;0;0;0;0
SNCF Réseau;3,8 GHz;3900;4000;2024-2044;https://www.arcep.fr/uploads/tx_gsavis/24-2044.pdf;48,07033333333334;-1,70125;35238;Rennes;Ille-et-Vilaine;Bretagne;2024-09-21;2027-09-20;Expérimentation dans le cadre de la plateforme Living Labs, qui vise à tester des usages liés aux voyageurs et aux expertises SNCF, en gare et en milieu industriel. Le Living Labs 5G a pour objectif d’être une plateforme d’innovation ouverte à des entreprises extérieures pour la mise en place d’expérimentations.;1;1;1;0;1;1;1;1;0;0;0;1;0;1;0;1;0
Cogisys;2,6 GHz TDD;2575;2615;2024-2020;https://www.arcep.fr/uploads/tx_gsavis/24-2020.pdf;48,824444444444445;2,265;92040;Issy-les-Moulineaux;Hauts-de-Seine;Île-de-France;2024-10-01;2027-09-30;Expérimentation dans le cadre de nouveaux cas d'usage;0;0;0;0;1;0;1;0;0;1;1;0;0;0;0;0;0
IMT Nord Europe;3,8 GHz;3900;4000;2024-2597;https://www.arcep.fr/uploads/tx_gsavis/24-2597.pdf;47,38447222222222;0,7306944444444444;37233;Saint-Pierre-des-Corps;Indre-et-Loire;Centre-Val de Loire;2025-01-01;2025-12-31;Le but de cette expérimentation est de tester des solutions d’échange d’informations de véhicule à véhicule ou à infrastructure en temps réel afin de mieux percevoir l’environnement et d’améliorer la sécurité sur un réseau 5G-NR privé en bande n°77;0;0;0;1;1;0;0;0;0;1;0;0;0;0;0;0;0
Transatel;3,8 GHz;3900;4000;2024-2147;https://www.arcep.fr/uploads/tx_gsavis/24-2147.pdf;48,89111111111111;2,2466666666666666;92026;Courbevoie;Hauts-de-Seine;Île-de-France;2024-10-05;2027-10-05;L’objectif est de mettre en place cette infrastructure début octobre 2024 afin de valider différents cas d’usages autour de la 5G Stand Alone (5G SA), en particulier autour de l’Industrie 4.0, Il s’agira également de pouvoir tester différentes capacités d’hybridation entre réseau mobile privé et réseaux mobiles publics. Les derniers tests d’intérêts seront autour des interconnections roaming entre réseaux publics et privés ainsi que des solutions de eSIM public/privés (QR code d’accès avec fluidification du parcours d’on-boarding) et les SMS offnet;0;0;0;0;1;0;0;1;0;1;0;0;0;0;0;0;0
Renault;3,8 GHz;3900;4000;2024-2252;https://www.arcep.fr/uploads/tx_gsavis/24-2252.pdf;50,361333333333334;3,0289444444444444;59329;Lambres-lez-Douai;Nord;Hauts-de-France;2024-10-14;2027-10-13;Expérimentation 5G pour l’industrie et le véhicule connectée.;1;0;0;0;1;0;1;1;0;1;0;0;0;0;0;0;0
Hub One;3,8 GHz;3900;4000;2024-2148;https://www.arcep.fr/uploads/tx_gsavis/24-2148.pdf;49,009972222222224;2,554305555555555;93073;Tremblay-en-France;Seine-Saint-Denis;Île-de-France;2024-09-30;2027-10-11;Dans le cadre de la journée de l’aéro, Hub One réalise des démonstrations de cas d’usage 5G professionnels pour les milieux aéroportuaires et industriels.;0;0;0;0;1;0;0;0;0;0;0;0;0;0;0;0;0
Airmob Infra Full;3,8 GHz;3800;3900;2024-2251;https://www.arcep.fr/uploads/tx_gsavis/24-2251.pdf;49,25983333333333;1,187138888888889;27701;Val-de-Reuil;Eure;Normandie;2024-10-30;2027-10-29;Expérimentation dans le cadre de nouveaux cas d'usage;0;0;0;0;1;0;1;1;0;0;0;0;0;0;0;0;0
MGA Technologies;2,6 GHz TDD;2575;2615;2024-2195;https://www.arcep.fr/uploads/tx_gsavis/24-2195.pdf;45,85447222222222;4,699638888888889;69059;Civrieux-d'Azergues;Rhône;Auvergne-Rhône-Alpes;2024-10-02;2025-10-01;Déploiement d’un réseau privé 5G au sein du nouveau Lab de la société MGA Technologies créateur de machines sur-mesure pour l'industrie du futur. Ce Lab permettra d’expérimenter un réseau 5G en environnement industriel et de développer des prototypes de cas d’usage. Il servira également de showcase pour les clients et promouvra la 5G;0;0;0;0;1;0;1;1;0;1;0;1;0;1;0;0;0
EDF;26 GHz;26500;26900;2024-2296;https://www.arcep.fr/uploads/tx_gsavis/24-2296.pdf;48,8973611111111;2,17008333333333;78146;Chatou;Yvelines;Île-de-France;2024-10-15;2027-10-14;Plateforme d’expérimentation d’EDF Lab Chatou qui vise à définir les modalités de migration des réseaux industriels cellulaires privés d’EDF vers la technologie 5G.;1;1;1;0;1;1;1;1;0;0;0;0;0;1;0;1;0
Free Pro;3,8 GHz;3900;4000;2024-2565;https://www.arcep.fr/uploads/tx_gsavis/24-2565.pdf;43,36127777777778;5,337638888888889;13055;Marseille;Bouches-du-Rhône;Provence-Alpes-Côte d'Azur;2024-12-11;2027-11-30;Free Pro mène une expérimentation de réseau privé 5G à Marseille, au sein d’un data center, afin de démontrer l’efficacité de cette technologie dans un environnement exigent et critique. L'objectif principal est de fournir une couverture 5G SA Privée et sécurisée, adaptée aux besoins spécifiques du data center, garantissant ainsi la confidentialité et la résilience des communications tout en évitant les interférences avec les réseaux publics. Ce réseau privé permet de répondre aux exigences de performance en matière de débits et de latence, nécessaires aux opérations sensibles du datacenter;1;0;0;1;1;0;1;1;0;1;1;1;0;1;0;0;0
Orange;3,8 GHz;3900;4000;2024-2634;https://www.arcep.fr/uploads/tx_gsavis/24-2634.pdf;48,7997222222222;2,29416666666667;92020;Châtillon;Hauts-de-Seine;Île-de-France;2024-12-04;2025-12-03;Expérimentation qui vise à tester la mise en oeuvre d’équipements (typiquement panneaux solaires et batteries) et de fonctionnalités au sein de l’environnement technique des sites radio mobiles, afin d’optimiser la consommation d’énergie du réseau électrique et de participer à la flexibilité énergétique.;1;0;0;0;1;0;1;0;0;0;0;0;0;0;0;0;0
SNCF Réseau;2,6 GHz TDD;2575;2595;2024-2691;https://www.arcep.fr/uploads/tx_gsavis/24-2691.pdf;48,91361111111111;2,3175;93070;Saint-Ouen-sur-Seine;Seine-Saint-Denis;Île-de-France;2024-12-01;2027-12-31;L’objectif du projet est l’expérimentation et la mise en oeuvre de technologies et services numériques souverains pour le futur système de télécommunication mobile ferroviaire (FRMCS) qui sera basé sur la 5G. Il se focalise particulièrement sur les coeurs de réseaux 5G et les services assurant les missions critiques (MCx) ainsi que sur l’hybridation entre 2 coeurs de réseau. L’infra 5G pour les besoins des cas d’usages ferroviaires sera hébergé dans le labo SNCF Réseau à Saint-Ouen.;0;0;0;0;0;0;0;0;0;1;0;0;0;0;0;0;0
TDF;2,6 GHz TDD;2575;2595;2024-2692;https://www.arcep.fr/uploads/tx_gsavis/24-2692.pdf;48,85827777777778;2,2944999999999998;75056;Paris;Paris;Île-de-France;2024-12-01;2025-12-01;Jusqu'à présent, le centre TDF de la Tour Eiffel ne disposait d'aucune couverture réseau mobile. L’expérimentation visant à équiper le centre d'une solution de téléphonie mobile professionnelle permet de garantir la sécurité des intervenants de TDF via l'applicatif MCPTT(PTI : Protection des travailleurs isolés). Ainsi, elle leur permet également d'être joignables à tout moment et de bénéficier d'un accès à internet et à l'intranet TDF pour télécharger les documents nécessaires à leurs interventions.;0;0;0;0;0;0;0;1;0;0;0;0;0;0;0;0;0
Orange Events;3,8 GHz;3900;4000;2025-0205;https://www.arcep.fr/uploads/tx_gsavis/25-0205.pdf;48,83888888888889;2,3786111111111112;75056;Paris;Paris;Île-de-France;2025-01-31;2026-01-30;Plateforme d’expérimentation de captation vidéo sur réseau 5G SA en vue de fournir des solutions de connectivité mobile pour les grands évènements.;0;0;0;0;0;0;0;1;0;1;0;0;0;0;0;0;0
Orange Events;3,8 GHz;3900;4000;2025-0205;https://www.arcep.fr/uploads/tx_gsavis/25-0205.pdf;48,925;2,359166666666667;93066;Saint-Denis;Seine-Saint-Denis;Île-de-France;2025-05-31;2026-01-30;Plateforme d’expérimentation de captation vidéo sur réseau 5G SA en vue de fournir des solutions de connectivité mobile pour les grands évènements.;0;0;0;0;0;0;0;1;0;1;0;0;0;0;0;0;0
Orange Events;3,8 GHz;3900;4000;2025-0205;https://www.arcep.fr/uploads/tx_gsavis/25-0205.pdf;48,895833333333336;2,230277777777778;92026;Courbevoie;Hauts-de-Seine;Île-de-France;2025-05-31;2026-01-30;Plateforme d’expérimentation de captation vidéo sur réseau 5G SA en vue de fournir des solutions de connectivité mobile pour les grands évènements.;0;0;0;0;0;0;0;1;0;1;0;0;0;0;0;0;0
Société des Grands Projets;2,6 GHz TDD;2575;2595;2025-0185;https://www.arcep.fr/uploads/tx_gsavis/25-0185.pdf;48,71769444444445;2,217027777777778;91477;Palaiseau;Essonne;Île-de-France;2025-01-24;2025-11-24;La Société des Grands Projets prévoit de déployer une infrastructure radio LTE privée afin d’assurer les communications en 4G LTE entre les agents de terrain et permettre aux services de secours et de sécurité de communiquer dans les emprises du GPE (dans le cadre du RRF).;0;0;1;0;0;0;0;0;0;0;1;0;0;0;0;0;0
Bouygues Telecom;2,6 GHz TDD;2575;2595;2024-2842;https://www.arcep.fr/uploads/tx_gsavis/24-2842.pdf;48,83416666666667;2,258611111111111;92012;Boulogne-Billancourt;Hauts-de-Seine;Île-de-France;2025-01-01;2026-12-31;Devant le risque de saturation sur les zones à forte densité humaine , un renfort local de couverture 4G sera assurée par une Bulle 4G mobile raccordée à un système satellitaire Starlink version mobile;0;0;0;0;0;0;0;0;0;1;0;0;0;0;0;0;0
Bouygues Telecom;2,6 GHz TDD;2575;2595;2024-2842;https://www.arcep.fr/uploads/tx_gsavis/24-2842.pdf;48,7875;2,2197222222222224;92048;Meudon;Hauts-de-Seine;Île-de-France;2025-01-01;2026-12-31;Expérimentation dans le cadre de nouveaux cas d'usage;0;0;0;0;0;0;0;0;0;1;0;0;0;0;0;0;0
TDF;2,6 GHz TDD;2575;2595;2024-2844;https://www.arcep.fr/uploads/tx_gsavis/24-2844.pdf;48,88502777777778;2,4219166666666667;93045;Les Lilas;Seine-Saint-Denis;Île-de-France;2025-01-01;2027-12-31;TDF, intégrateur des réseaux mobiles privés (RMP) 4G et 5G, déploie un réseau d’expérimentation 4G sur une partie de son Campus Technique situé au Fort de Romainville. Ce réseau permettra à TDF de réaliser des démonstrations pour ses différents clients RMP et de poursuivre les études et travaux de développement menés pour le compte de ses clients dans le domaine des réseaux mobiles privés 4G/5G.;0;0;0;0;1;0;0;0;0;1;0;0;0;0;0;0;0
Airnity;2,6 GHz TDD;2575;2595;2025-0696;https://www.arcep.fr/uploads/tx_gsavis/25-0696.pdf;48,7625;2,0825;78297;Guyancourt;Yvelines;Île-de-France;2025-04-04;2026-04-03;Expérimentation dans le cadre de nouveaux cas d'usage;0;0;0;0;0;0;0;1;0;0;1;0;0;0;0;0;0
ALE International;3,8 GHz;3900;4000;2025-0136;https://www.arcep.fr/uploads/tx_gsavis/25-0136.pdf;48,934;2,252638888888889;92025;Colombes;Hauts-de-Seine;Île-de-France;2025-01-27;2028-01-26;Expérimentation menée dans une salle d'exposition pour démontrer aux clients les différents cas d'utilisation tels que l'IoT, la voix et la vidéo,;0;0;0;0;0;0;1;0;0;1;0;0;0;0;0;0;0
Haropa;2,6 GHz TDD;2595;2615;2025-0103;https://www.arcep.fr/uploads/tx_gsavis/25-0103.pdf;49,46336111111111;0,14216666666666666;76351;Le Havre;Seine-Maritime;Normandie;2025-01-16;2025-12-31;Dans le cadre du programme Le Havre Smart Port City, le 5G Lab déploie des stations d’émission radio 5G dans la bande 2,6 GHz TDD pour expérimenter les cas d’usage de communication terre-mer.;0;0;0;0;1;0;0;0;0;1;0;0;0;0;0;1;0
Renault;3,8 GHz;3900;4000;2025-0220;https://www.arcep.fr/uploads/tx_gsavis/25-0220.pdf;50,361333333333334;3,0289444444444444;78297;Guyancourt;Yvelines;Île-de-France;2025-02-17;2028-02-16;Expérimentation 5G pour l’industrie et le véhicule connectée.;1;0;0;0;1;0;1;1;0;1;0;0;0;0;0;0;0
Sysoco/Axians;2,6 GHz TDD;2575;2595;2025-0447;https://www.arcep.fr/uploads/tx_gsavis/25-0447.pdf;45,72694444444445;4,97925;69277;Genas;Rhône;Auvergne-Rhône-Alpes;2025-03-11;2026-03-10;Expérimentation pour tester des cas d'usages;0;0;0;0;1;0;1;0;0;1;0;0;0;0;0;1;0
Sysoco/Axians;2,6 GHz TDD;2575;2595;2025-0447;https://www.arcep.fr/uploads/tx_gsavis/25-0447.pdf;48,92572222222222;2,3153888888888887;92036;Gennevilliers;Hauts-de-Seine;Île-de-France;2025-03-11;2026-03-10;Expérimentation pour tester des cas d'usages;0;0;0;0;1;0;1;0;0;1;0;0;0;0;0;1;0
Luceor;3,8 GHz;3900;4000;2025-0448;https://www.arcep.fr/uploads/tx_gsavis/25-0448.pdf;43,64833333333333;6,345;83082;Montferrat;Var;Provence-Alpes-Côte d'Azur;2025-03-10;2027-05-01;LUCEOR couvre le site de Canjuers en réseau cellulaire de type 5G privée. L’enjeu est d’expérimenter le déploiement d’une solution de suivi de la position et de l’état d’entités prenant part à un exercice d’entrainement militaire de type instrumentée.;0;0;0;0;0;0;0;0;0;1;0;0;0;0;0;0;0
CCIN;3,8 GHz;3900;4000;2025-0492;https://www.arcep.fr/uploads/tx_gsavis/25-0492.pdf;48,41797222222222;1,4896666666666667;28110;Le Coudray;Eure-et-Loir;Centre-Val de Loire;2025-03-12;2027-12-31;Expérimentation dans le cadre d’un laboratoire 5G Privée. L’objectif est de tester différents équipements connectés en 5G (Caméras, smartphones, capteurs, etc.).;0;0;0;0;0;0;0;1;0;1;0;0;0;0;0;0;0
Orange Events;3,8 GHz;4000;4100;2025-0839;https://www.arcep.fr/uploads/tx_gsavis/25-0839.pdf;48,84741666666667;2,249277777777778;75056;Paris;Paris;Île-de-France;2025-05-07;2026-05-06;Plateforme d’expérimentation de captation vidéo sur réseau 5G SA en vue de fournir des solutions de connectivité mobile pour les grands évènements.;0;0;0;0;0;0;0;1;0;1;0;0;0;0;0;0;0
B-COM;3,8 GHz;3900;4000;2025-0660;https://www.arcep.fr/uploads/tx_gsavis/25-0660.pdf;47,75425;-3,3503055555555554;56121;Lorient;Morbihan;Bretagne;2025-04-01;2026-03-15;L’expérimentation a pour but de tester la 5G privée dans différentes étapes de construction d’un navire et de mesurer le niveau de champs rayonné.Des cas d’usages smart industries permettront de démontrer les avantages de l’utilisation d’un réseau privé 5G.;0;0;0;0;0;0;0;1;0;1;0;0;0;0;0;0;0
CCIN;3,8 GHz;3900;4000;2025-0492;https://www.arcep.fr/uploads/tx_gsavis/25-0492.pdf;48,41797222222222;1,4896666666666667;28110;Le Coudray;Eure-et-Loir;Centre-Val de Loire;2025-03-12;2027-12-31;Expérimentation dans le cadre d’un laboratoire 5G Privée. L’objectif est de tester différents équipements connectés en 5G (Caméras, smartphones, capteurs, etc.).;0;0;0;0;0;0;0;1;0;1;0;0;0;0;0;0;0
Dauphin Telecom;2,6 GHz TDD;2575;2615;2025-0771;https://www.arcep.fr/uploads/tx_gsavis/25-0771.pdf;16,220555555555553;-61,5297222222222;97113;Le Gosier;Guadeloupe;Guadeloupe;2025-04-22;2026-04-21;Expérimentation de cas d'usage 4G/5G;0;0;1;0;0;0;0;0;0;0;0;0;0;0;0;0;0
EMG France;3,8 GHz;3900;4000;2025-0823;https://www.arcep.fr/uploads/tx_gsavis/25-0823.pdf;48,84355555555556;2,6654999999999998;77059;Bussy-Saint-Martin;Seine-et-Marne;Île-de-France;2025-05-01;2027-04-30;Expérimentation qui consiste à mener des tests approfondis sur un réseau 5G privé dans le but de réaliser des études de Recherche et Développement (R&D).;0;0;0;0;0;0;0;1;0;1;0;0;0;0;0;0;0
CEA;3,8 GHz;3800;3900;2025-0821;https://www.arcep.fr/uploads/tx_gsavis/25-0821.pdf;48,712722222222226;2,194472222222222;91477;Palaiseau;Essonne;Île-de-France;2025-04-15;2028-04-14;PRISM est une plateforme de recherche pour la fabrication intelligente et durable qui intègre des capacités clés pour l'industrie du futur. Des solutions robotiques innovantes, basées sur l'IA et le jumeau numérique, assurent une production plus agile, plus performante et plus respectueuse de l'homme.;0;0;0;0;0;0;0;1;0;1;0;0;0;0;0;0;0
Compagnie des salins du midi et des salines de l'Est;2,6 GHz TDD;2575;2595;2025-1042;https://www.arcep.fr/uploads/tx_gsavis/25-1042.pdf;43,55661111111111;4,183194444444445;30003;Aigues-Mortes;Gard;Occitanie;2025-06-16;2025-09-12;Dans le cadre de ses activités sur le site d’Aigues Mortes, le GROUPE SALINS recherche une solution de connectivité fiable qui lui permettra de répondre à ses besoins liés à la transformation digitale de son entreprise,;0;0;0;0;0;0;0;0;0;1;0;0;0;0;0;0;0
